<?xml version="1.0" encoding="UTF-8"?>
<!DOCTYPE hibernate-configuration PUBLIC 
  "-//Hibernate/Hibernate Configuration DTD 3.0//EN" 
  "http://www.hibernate.org/dtd/hibernate-configuration-3.0.dtd">
<!-- Version 8 MySQL hiberante-cfg.xml example for Hibernate 5 -->
<hibernate-configuration>
	<session-factory>
		<property name="connection.driver_class">org.h2.Driver</property>
		<property name="connection.url">jdbc:h2:mem:test</property>
		<property name="connection.username">sa</property>
		<property name="connection.password"></property>
		<property name="dialect">org.hibernate.dialect.H2Dialect</property>


		<!-- <property name="connection.driver_class">com.mysql.cj.jdbc.Driver</property> 
			property name="connection.driver_class">com.mysql.jdbc.Driver</property <property 
			name="connection.url">jdbc:mysql://localhost/naushad_ey</property> <property 
			name="dialect">org.hibernate.dialect.MySQLDialect</property> <property name="connection.username">naushad</property> 
			<property name="connection.password">naushad</property> -->
		<property name="connection.pool_size">3</property>
		<!--property name="dialect">org.hibernate.dialect.MySQLDialect</property -->
		<property name="current_session_context_class">thread</property>
		<property name="show_sql">true</property>
		<property name="format_sql">true</property>
		<property name="hbm2ddl.auto">update</property>
		<property name="hibernate.cache.use_second_level_cache">true</property>
		<property name="hibernate.cache.region.factory_class">org.hibernate.cache.ehcache.EhCacheRegionFactory</property>
		<!-- <mapping resource="com/nau/entity/Student.hbm.xml" /> <mapping class="com.nau.entity.EmployeeEntity"/> -->
	</session-factory>
</hibernate-configuration>