<!DOCTYPE hibernate-mapping PUBLIC 
"-//Hibernate/Hibernate Mapping DTD//EN" 
"http://www.hibernate.org/dtd/hibernate-mapping-3.0.dtd"> 

<hibernate-mapping>
   <class name = "Student" table = "Student_Table">
      
      <meta attribute = "class-description">
         This class contains the employee detail. 
      </meta>
      
      <id name = "id" type = "int" column = "std_id">
         <generator class="native"/>
      </id>
      
      <property name = "name" column = "f_name" type = "string"/>
      <property name = "city" column = "s_city" type = "string"/>
      
   </class>
</hibernate-mapping>